id,naam,stroomVastPerMaand_incl_btw,stroomVastPerMaand_excl_btw,stroomVastPerMaand_bron,stroomVastPerMaand_geverifieerd,stroomInkoopopslag_incl_btw,stroomInkoopopslag_excl_btw,stroomInkoopopslag_bron,stroomInkoopopslag_geverifieerd,gasVastPerMaand_incl_btw,gasVastPerMaand_excl_btw,gasVastPerMaand_bron,gasVastPerMaand_geverifieerd,gasInkoopopslag_incl_btw,gasInkoopopslag_excl_btw,gasInkoopopslag_bron,gasInkoopopslag_geverifieerd,terugleverCorrectie_incl_btw,terugleverCorrectie_excl_btw,terugleverCorrectie_bron,terugleverCorrectie_geverifieerd,automatisch_afschakelen,tarief_url
anwb,ANWB Energie,8.52,7.041322,rekentool,true,0.018,0.014876,website,true,9.75,8.057851,rekentool,true,0.0768,0.063471,website,true,0,0,handmatig,true,,https://www.anwb.nl/energie/actuele-tarieven
budget,Budget Thuis (Budget Energie),5.99,4.95,rekentool,true,0.01682,0.0139,rekentool,true,5.99,4.95,rekentool,true,0.06413,0.053,rekentool,true,0,0,rekentool,true,,https://www.budgetthuis.nl/energie/dynamisch-energiecontract
eneco,Eneco,7,5.785124,handmatig,true,0.02297,0.018983,handmatig,true,7,5.785124,handmatig,true,0.10471,0.086537,handmatig,true,0,0,handmatig,true,,https://www.eneco.nl/duurzame-energie/dynamisch-energiecontract/dynamische-tarieven/
frank,Frank Energie,7,5.785124,rekentool,true,0.01815,0.015,rekentool,true,7,5.785124,rekentool,true,0.07986,0.066,rekentool,true,-0.012705,-0.0105,rekentool,true,true,https://www.frankenergie.nl/nl/dynamisch-energiecontract
liveenergy,Live Energy,6.05,5,handmatig,true,0.0242,0.02,handmatig,true,6.05,5,handmatig,true,0.0847,0.07,handmatig,true,-0.0242,-0.02,handmatig,true,,https://aanmelden.liveenergy.nl
nextenergy,NextEnergy,5.99,4.950413,website,true,0.021,0.017355,website,true,5.99,4.950413,website,true,0.079,0.065289,website,true,0,0,handmatig,true,,https://www.nextenergy.nl/dynamische-energie
pure,Pure Energie,6.05,5,handmatig,true,0.01799,0.014868,handmatig,true,6.05,5,handmatig,true,0.099,0.081818,handmatig,true,-0.018029,-0.0149,handmatig,true,,https://pure-energie.nl/energiecontract/dynamisch-energiecontract/
tibber,Tibber,6.99,5.77686,website,true,0.018,0.014876,website,true,5.99,4.950413,website,true,0.08835,0.073017,website,true,-0.018,-0.014876,website,true,,https://tibber.com/nl/energiecontract
vandebron,Vandebron,6.995225,5.781296,rekentool,true,0.02208,0.01825,rekentool,true,6.995225,5.781296,rekentool,true,0.05983,0.04945,rekentool,true,-0.01361,-0.01125,rekentool,true,,https://vandebron.nl/energie/energiecontract/dynamisch
vattenfall,Vattenfall (FlexPrijs),5.99,4.95,rekentool,true,0.014992,0.01239,rekentool,true,5.99,4.95,rekentool,true,0.074996,0.06198,rekentool,true,0,0,website,true,,https://www.vattenfall.nl/energie/dynamisch-energiecontract/
zonneplan,Zonneplan,6.25,5.165289,handmatig,true,0.02,0.016529,handmatig,true,6.25,5.165289,handmatig,true,0.08,0.066116,handmatig,true,0.02,0.016529,handmatig,true,,https://www.zonneplan.nl/energie/dynamisch-energiecontract
